Renda_Mensal,Idade,Score_Credito,Contratou_Emprestimo
5.993428306022466,48.99355436586002,40.71064891256276,0
4.72347139765763,44.246336829127685,6.600984414024158,0
6.295377076201385,35.59630369920174,34.88205339694793,0
8.046059712816051,28.530632222944263,11.099809879131485,1
4.531693250553328,41.9822331361359,80.82352100092221,1
4.531726086101639,38.934853854217494,94.76880259644707,1
8.158425631014783,43.95193220027732,7.231647525793861,0
6.534869458305818,41.351718016819696,95.51152072917014,1
4.061051228130096,45.49552715319335,52.25765993367452,0
6.085120087171929,29.64764788439432,29.95656779538739,1
4.0731646143750755,48.173940656343255,7.686207527616351,0
4.068540492859486,36.975996046923996,50.06242680704178,0
5.483924543132068,55.75260872625265,79.45155444907486,0
1.1734395106844042,28.108121819104323,70.70864772666981,1
1.5501643349739345,52.359638031652494,5.022601146397376,0
3.8754249415180544,36.979107834626475,7.290183536790352,0
2.9743377593311524,28.485819963855516,40.28732826326371,0
5.628494665190548,30.161141659456785,29.52904940479433,0
3.1839518489575775,31.7965269180568,23.238432305604782,0
2.1753925973294166,39.241659464019165,28.10044989087136,0
7.931297537843108,40.228354880355,80.34827432968846,1
4.548447399026928,29.26299996061421,92.92280536318539,1
5.1350564093758475,34.756454077390174,40.510269452756646,1
2.1505036275730864,56.42270358611864,90.61110021324971,0
3.9112345509496347,52.275431701007115,32.1495701247882,0
5.2218451794197325,39.36323669674032,47.64369863437916,0
2.6980128451553944,35.380034781682,22.602899781599973,1
5.751396036691344,36.200313267182615,64.0476042175844,1
3.79872262016239,41.13517972730417,97.89811151748088,1
4.416612500413446,24.772074348015945,60.34930960433786,1
3.796586775541206,32.42623462576655,35.78140841135489,1
8.704556369017876,18.314159261224102,64.78174459905284,1
4.973005550524132,38.992231226052795,12.292067846538757,0
2.8845781420882,41.47195939702741,88.86590802653987,1
6.645089824206378,30.168135377006262,50.30839507798363,1
2.5583127000579555,50.73986763290033,44.93497420396421,0
5.4177271900095105,22.742343369976588,58.58647884535192,1
1.0806597522404489,20.3562511979018,62.47838627894025,1
2.343627902203139,37.244518185599716,7.177580622651303,0
5.393722471738247,45.470983026121544,68.26172212234025,0
6.476933159990821,51.83927691457869,24.193168031552958,0
5.342736562379941,30.4111573713106,71.39526325065899,1
4.768703435223519,45.78680833431296,82.25347943841967,0
4.3977926088214225,34.61491530499293,80.39585075525203,1
2.0429560192651453,33.273727000591805,55.25009674078891,0
3.5603115832105825,43.83659937486672,52.016989231075115,0
4.078722458080425,41.5232287841342,14.287596133941172,0
7.114244452437831,19.236078430157505,77.53461504031355,1
5.687236579136923,49.76540349725896,27.140938044671437,0
1.473919689274532,48.800913541474515,49.669542281794655,0
5.64816793878959,28.744372984904707,28.42740929275167,1
4.229835439167367,38.95803533437409,13.382836299969314,0
3.6461559993880828,39.94030186282739,62.95576968917366,0
6.2233525776817356,37.60673765823907,5.4332034822903825,0
7.061999044991902,29.4969484615458,74.86452341262,1
6.862560238232398,28.283766320619485,31.758679526111667,1
3.3215649535547227,34.744459290085544,0.013469300448532007,0
4.381575248297571,46.72729019259365,51.11291392372298,0
5.662526862807128,40.43600154594432,4.6851908527603126,1
6.951090254244718,31.29385667913894,27.616955782089946,1
4.04165152430942,42.716987106483444,70.69764874557161,1
4.628682046672366,6.514573793699245,6.268962162186586,0
2.7873300519879436,46.48765700372103,83.93384923560023,0
2.6075867518386584,17.602862212219005,0.3819922658583108,0
6.625051644788396,31.375590585968677,24.682386920190226,1
7.712480057141645,23.80330105373856,74.09040561520715,1
4.855979756839332,22.053185242790946,31.627014972930677,1
7.007065795784048,46.608267873785195,10.189238806601352,0
5.723272050095268,30.322987986881085,36.02339188004279,1
3.7097604907897512,38.46503881730716,27.039328638452552,1
5.722791211016828,34.53079421120816,84.27119021605549,1
8.076073132931938,39.770408272231215,31.334791758514314,1
4.928347921780097,35.768218910602556,78.89324717760073,1
8.129287311628012,22.170077758114303,89.18721448107347,1
-0.23949020817948874,44.9626681944714,43.381741957652956,0
6.643805008750448,30.062434168386876,90.9943143854392,1
5.174094136476342,19.43418101340249,37.73180539631929,1
4.401985299068264,30.718848390340874,96.40784164901082,1
5.183521553071005,50.00759790634311,8.928952452557294,0
1.0248621707982144,43.50221742113493,68.70192665032427,1
4.560656224324976,31.513478655921407,49.38140404569287,0
5.7142251430234925,31.507422956815713,38.76488054556471,1
7.955788089483033,31.783649487826175,63.27118787486009,1
3.9634595634527052,55.76747983560841,70.38570916343312,0
3.3830127942136246,38.819354522315535,0.43632696503090873,0
3.996485912830927,39.300416471910694,16.69530887471987,0
6.830804235404148,45.30283454031842,71.30460506343186,1
5.657502219319369,37.387891590265134,66.63854135782064,1
3.9404795924659224,32.40957854179297,96.60475051286772,0
6.026534866226712,33.03650150915022,76.1037790250783,1
5.194155098696081,34.283987405859364,95.0772707731338,1
6.937289981065779,34.627777634901584,70.25405015348069,1
3.5958938122452953,42.2762954363698,29.805220863944314,0
4.3446757068044635,35.519458858072994,10.536492225085647,1
4.215783693735685,42.32640077215579,78.18238633449356,1
2.072970103735763,34.19283419891418,64.4149221475916,0
5.592240554129152,35.786351903160906,4.818601239329623,1
5.522110544359778,15.017993154678923,36.005046590097834,1
5.010226913284922,44.16327674702482,95.67998154842861,1
4.5308257332497055,38.46488475897993,50.04011457102012,0
2.1692585158991715,44.98010109859652,43.272913601970465,0
4.158709354469282,6.037446218063107,45.7699605159294,0
4.314570966946461,55.883747047807276,20.88827240051637,0
3.395445461556762,33.604103718448265,36.87071708647952,0
4.677428576667982,46.081828167375164,36.98132559871766,1
5.8081017136290765,24.600940728744693,5.2355020187472405,1
8.77237180242106,41.1277390506257,76.75676285179182,1
5.349155625663678,24.46584436826344,41.6504431903879,1
5.515100781445528,28.76231039304195,82.21798868164232,1
4.851108168467666,54.14031353866786,85.03480011198954,0
1.162457569401917,33.09317599236653,21.199405469865805,0
4.946972249101567,37.17432873179723,65.73534821701286,0
5.120460419882053,43.70067730688754,47.22818041629817,0
9.926484224970572,39.95681887972604,88.0156737921485,1
4.615278070437755,36.504189051435766,21.57406791764541,0
5.603094684667225,38.64961002466225,67.78132003100443,1
4.9305764605895135,59.03415585238275,60.775212225272256,0
2.662643924760936,34.42381202966415,29.53014775718328,0
7.285645629030041,37.010990467149675,13.660090365117261,0
6.503866065373549,45.50654396007612,65.16397604772766,1
6.582063894086094,46.05525932957984,73.85974581323308,1
3.181225090410522,46.8703030556038,31.562734376335,0
7.805588621872198,41.38730222029184,64.48326040223138,1
2.1962978744154382,23.569950872695166,39.51309076115032,0
6.173714187600541,51.33431532301096,71.32068832826177,0
9.380911251619956,23.53654606981312,19.92152748940531,1
3.0189273497386235,38.02635465239033,89.02150026361744,0
3.867404540794456,27.457241499806422,28.74095964655797,1
5.199302730175282,34.35861653407007,36.77859877561529,1
3.9930486917676014,38.28762410303481,5.8091952080349785,0
1.8986731378677346,38.21357215450273,11.15122123212764,0
5.137125949612055,39.21920754235285,51.58619027123281,1
2.8753925725477902,51.13711269058647,26.75926767279715,0
5.9471848612703635,39.5353430151398,83.54802257421944,1
3.1611515315323935,32.558433647093516,1.4693388654953843,0
8.09986881003508,44.64087168288358,37.90940486719362,1
3.4334934153275256,46.894704889246405,33.73455467690927,0
4.355876967588649,22.723921848630077,1.9327630917601035,1
6.62703443473934,40.97400069849858,12.436839900051023,1
2.5382713671320896,42.01172742310899,41.36426749186353,0
5.4549198692082586,32.02436496640008,49.28645844474466,1
7.614285508564857,48.7570681331162,40.42897472548691,1
1.785033530877545,33.49944412967473,53.093767841209385,1
5.369267717064608,36.255764534715425,59.51316749056815,1
5.519765588496847,33.2692817571613,0.992382112783563,1
6.56364574355462,35.155790475814676,46.409515945350385,1
2.526098578243836,24.037249131047982,96.34992408875883,1
2.3590867738314474,20.599491174057057,51.90322801295487,1
6.0438831312337955,50.945050632249725,67.75422674589532,1
5.5939693464663724,26.530386516816723,31.18638579168832,1
5.5009857006917535,25.086076505436928,77.39913781527625,0
5.692896418993952,13.466098863962852,77.2921481876115,1
3.6399505568430186,28.610382523104978,52.129604765413895,1
5.464507394322007,21.769102065925015,97.60138232792136,1
5.586144946597362,51.42015160136369,12.555021476265338,0
3.571297163947264,45.09817089342634,1.6947664889580993,0
8.731549022289514,28.118496548222762,77.0158211757096,1
5.947665841823575,57.52435805344309,80.71555373648826,1
2.617393005594703,44.81765486991594,12.020722912057625,0
6.313107217267659,31.751686164913774,26.55828329586061,1
3.050636659545357,10.005942851264273,1.755236336662891,1
6.574169207484904,57.90942572590741,29.33086107805647,1
7.317191158014808,21.10427533236404,77.31418739186715,1
3.358635363296579,18.54601253043108,51.79605277125789,1
6.926752258488643,45.225704320096405,34.80955931682881,1
5.825561853872997,59.39752406339273,37.17392949063303,0
6.64412031998898,48.84272818510518,0.1353625715468154,1
8.793585965307894,40.639091200523595,29.98005275652359,1
4.509223767994259,40.94754341665286,64.64587416379305,1
3.492527671285021,43.53415558780308,97.41944438163571,1
3.2209711407489534,42.589285897867654,84.70608269838995,0
3.3683794300691234,37.811914239693756,2.3594964645529126,0
4.845796581171792,36.04201103951876,89.85606046748393,1
5.682303949633287,34.374068721004775,78.3198413298626,1
5.553381598660038,27.46035411133324,78.03761235709804,0
6.654366498072047,32.19324923133226,45.79957590035715,1
5.026003783755814,18.070431858046145,39.80052929545028,1
7.907068154314634,34.0166037320525,30.29157288331926,0
4.470686333524088,25.114088928490823,6.569485895436578,0
10.440338333179238,23.96410682784229,22.82353634936991,1
6.251334695530012,36.798941511534785,24.66036349780246,1
3.285684887167435,48.92002286344599,48.40770697102016,0
2.8582150038777754,44.18316606002313,74.7444406596694,0
5.96494483048637,19.294993963768224,47.38098283979466,0
4.553074429348298,25.103718634296623,5.784444944716061,0
6.428000988184184,44.40771187988216,95.77898009882038,1
5.94647524914709,25.175126064616904,94.27243190941122,1
4.854342174686255,32.753668500029754,78.51895431484084,1
3.30641256386319,40.50052099024552,99.13279015642206,0
1.9703055506282707,25.316555451363648,54.448233280026294,0
4.106970095865957,36.0537550614596,96.27683502532061,1
6.712797588646945,21.659745050817957,7.560504061675077,1
5.4281874882604075,28.98632356048786,36.568074826137135,0
2.508522442576024,38.19781934142537,22.538126800676583,0
5.346361851702364,19.070062664683306,19.583308413427,1
5.770634759457674,39.40474737960399,14.08029488926761,0
3.2322851275977342,34.803622010733186,62.241364156599666,1
5.307450211891056,40.52489954417148,78.1321855747305,1
5.116417436892,37.23914134064661,57.82983994203607,0
2.714059404338754,48.64140429973844,14.696270958820968,0
5.715574720696567,36.25224502647907,81.11237699334708,1
6.121569052736469,30.70594458874747,63.59547071637285,0
7.166102486350554,36.222975030322836,38.81657061269955,0
7.1076041040698055,40.43298029036388,67.4130295536063,0
2.244661264085818,35.48860070325704,25.990497924283286,0
3.124349920169754,35.405916912038826,34.51922084942105,0
6.0300705344173195,27.980083121932445,91.74858431319902,1
6.027571901824418,28.370990824490516,29.05045056714204,1
6.030095372612095,20.973947282003063,46.99882681579366,1
12.705462981309442,52.495767431869396,89.01411373960147,1
6.141781021386334,22.56136764608715,70.77213502675275,1
7.271131280361198,28.070948022040927,6.220322616470275,0
6.908003526986405,27.815927344308026,14.730304427897034,1
6.302782502611596,43.949243769444415,0.7841590771916818,0
4.369461510719309,32.05050321707972,63.09217902291634,1
6.517938440986534,47.477420726737336,44.767342541041835,0
3.4543495709248564,28.265093757561313,13.427485090227552,0
4.526362786519982,37.78994162223802,95.79341210567705,1
4.029272904341793,26.646529467402427,52.96597239456199,1
5.163748278772645,56.45149127773388,24.189329411288917,0
9.629317133347017,23.124015809704872,50.06035711547076,1
1.2654696148165034,38.09820710227027,67.96203327351078,0
6.372520380749027,41.337768809320984,7.623921797356448,0
1.7745682576206963,39.137990974514985,27.4703815047892,1
4.056136268421133,33.147123411222914,80.69654908839937,1
7.177901193934733,33.70179300266574,45.966487040266124,1
5.128560038190925,35.438114719791095,54.65771420322949,1
2.8445104441413878,33.529979983715116,43.28160022094693,1
3.5693925814800638,44.638791167949094,4.389994264300512,0
6.359195497869352,57.10523001591351,16.574977982015593,0
3.5392667365657267,29.425082149921664,44.554163874189086,0
5.43291717916395,21.30197020420922,20.918546540792782,0
5.091143679807628,34.117179516487454,4.997902865967873,0
3.6967993047883665,60.79709337654318,84.36496640518237,0
9.28788817865065,26.963254320302692,98.11925291641158,1
6.267838044636022,51.391168054440676,79.31428739967394,0
0.9497148266847857,51.77700814076441,85.3784921704667,0
5.3729086295388555,29.464117582920053,24.197713031704538,1
3.676427070463224,40.689830791852756,96.06269755131997,1
6.704866669592448,51.28396623128538,19.692570445342838,0
3.4149585231345987,31.20872259012513,95.14298103618323,1
4.770527117066202,32.964196398976384,99.4819293965951,0
6.0099745579609145,29.183190860513562,71.17228057460487,1
6.731510388340243,24.852432693071332,98.1143731791822,1
2.5994071858884475,28.50722454933993,56.95397795671037,0
4.330997528318103,22.760597332377436,25.954178317609035,0
4.050109377678088,35.34083468259226,43.699588566562085,0
3.693341534852576,27.300267689413584,59.35609353787859,1
8.530908480562193,37.33785911790748,7.308156202701499,1
5.809963421921911,19.441043537963726,62.234326461724606,1
2.4782320913299096,38.30880232214457,98.11778367622945,1
6.835723894109552,43.33528961608925,19.010764978372762,0
9.244312394025266,15.062643574285445,79.25951162883833,1
7.064930521102294,38.74056569847572,90.78987937796194,0
1.9612600680919732,47.27668992473292,94.37015928202209,1
4.031531854267497,22.903589813087947,96.01356044054472,0
7.533822298373245,51.72572386837703,52.14596387214719,1
3.5846610687624385,39.190190093660455,97.73079079915037,0
5.887638856292456,27.94988144241591,75.73102071344388,1
6.5492681068586736,34.44230922342294,16.16714362369619,1
3.1461390568438343,40.58326912521722,47.690010646797,0
4.8809492878764,35.760053914124114,71.8331175372004,1
-1.4825346801381452,40.387559924463694,24.734031581908333,0
2.9512247173314203,25.793264069206337,64.06151835488873,1
4.494863697213679,36.69360824036078,66.66004790466192,1
2.504433636070301,20.862855030950197,16.26997438085659,1
8.26482260786327,33.887739386513,56.50853124527563,1
2.1397172440787346,25.960923585352102,77.16269109786077,1
4.119911026606032,27.644700574102334,49.88956645359419,1
5.2614811545721825,47.36093175210437,1.2103116776107425,0
7.8825465781322315,45.91310120594269,0.9038469079292177,1
2.1282756976411212,41.09138120907177,35.702934397001215,0
7.326327504309919,24.07687235327421,92.6194068431782,1
5.020466122039174,31.835915503051982,22.867677960360876,1
3.036982697904098,47.130976999791834,63.43636888716871,1
5.924206948526542,36.417169136399046,22.207587069332057,0
5.39811939114694,58.19329539981694,32.16699896595486,0
3.799566245682411,38.93317839394372,84.8042089601484,1
5.139604169980037,36.92049116490032,72.88614422699469,1
4.22937280627648,31.908835357974986,9.539927731321063,0
5.227034690502496,36.33540904782282,42.87020209864336,0
6.324261349042093,33.475301636194565,2.916976364526447,0
8.172033632290704,42.0810867668859,48.0890146603009,1
2.524369002346302,44.56702316794584,66.24340117010681,1
9.266066749312532,27.140105394920504,11.850262359815156,1
1.0958244009549962,21.68767046442222,28.888493890916568,0
4.6964298099288335,16.637946268967035,39.783662550215695,1
6.176634412969152,40.079913269125434,91.95310246560497,1
5.561983735470065,23.966333938261265,99.32550154229641,1
3.754600960358812,13.471094070475171,4.491129899561585,1
4.5837554992854495,38.885786045309644,76.1007923495392,0
4.013998130682333,59.92999517432791,37.17240664023432,0
3.8212704861115765,34.939290884601064,39.245818622948,0
6.69920419404205,43.38490774451642,75.42649733470228,1
5.714030971930095,35.81829358547565,91.84264321454087,1
3.6141808094786914,34.01110346808857,95.09285945025483,1
6.799199750866501,44.190764829877686,57.712258603832076,1
5.614599041753219,32.097254558113484,35.71211593005028,1
6.62572423767792,37.673923140719026,78.75490858587793,0
6.259257683847224,38.216978061960134,25.100138326230027,0
3.342009978155855,28.31909546356951,56.40740288335178,0
3.8796379196060604,44.92042349536523,35.85784615248732,0
6.494587210246523,33.25040243304591,65.66310737078761,1
6.22074053086693,27.442548405071552,24.03989128935069,1
4.958196812071704,40.365098435704034,19.159294573482576,0
5.234654766617564,26.015320182089628,91.8239086675437,1
7.55532979157685,35.281811573691286,10.18036829495369,0
3.8168572223283403,34.90881003355796,50.595790773493164,0
6.094194762340075,45.85895565831578,22.085278296300892,0
4.595614695132212,39.746982328799525,3.892996332566745,0
4.56463759354556,34.74973041254856,3.601881829142639,0
7.19755370397438,43.17766299200287,17.522177210582733,1
6.6508326979760595,48.90207549017313,86.67703545060003,0
6.627019272001277,40.578103063518626,28.247874397702667,0
7.610957614308658,35.103526198433805,95.04591705752958,1
5.042007683265518,21.881637676498404,58.16222929891936,1
6.363905942589928,24.348863369246274,43.66141897687661,1
4.379466486813088,31.947752956453325,58.00888346694546,1
5.648332704976884,28.904877978407168,51.669838522626776,1
4.739713891264631,33.13028697014554,75.87762537573252,1
5.193991929985437,35.56649924897107,28.249606597285226,1
6.190314050873827,40.29692754356731,35.30503916003024,1
3.3635586335330547,34.29501221940909,89.40943025332507,1
9.184774551370921,39.86501643826202,94.64565131504055,1
2.987965237000596,35.6447441481012,89.25582274864745,1
2.5716227744245357,15.245334336461287,41.94479939573136,0
7.316221747000135,25.606646061812455,78.03655030068816,1
6.583325387925871,33.55912444278385,47.63357333010988,1
6.24823963410431,22.903052571588923,49.75398521461022,1
6.25669101852856,40.99928729996204,20.468010905728395,1
4.975506454306171,50.30750832343698,59.113030325851646,0
3.2054912570283367,47.18761851697317,18.613589775334795,0
5.151609116387453,32.86557129069792,33.15646990671938,1
3.6456765769757764,49.90726136849952,85.50302016199352,1
6.9502394668355025,36.486674572021116,20.707580921085523,0
4.705885236995723,31.629140288819602,7.115828517343282,0
3.349005606414977,28.8659733645906,6.90075926128163,1
4.357228316694013,31.97530313511872,94.07845205031079,0
5.825862908551249,31.118231814587713,50.69204379618346,0
3.87255089439205,36.70416222375488,40.941207181701834,1
3.3555592088671373,36.60573981049865,81.08785810079185,0
5.487374422983825,35.03046020153415,83.5825927910516,1
5.4899331422174455,39.369381697463496,33.21910331156046,1
3.9861136492577405,46.906462747863415,69.36180574737952,0
4.057923388763355,44.495541354413234,77.11228158518865,1
5.464099874715273,20.151020315500965,65.46506868659546,1
2.1038313170053518,9.46078865098045,15.159507480009937,0
2.1850724512468895,44.34319911239274,87.5883083517057,1
3.563111557495128,21.33121301584579,53.90945527360087,1
4.573105696576306,32.75234598107316,28.24724263700037,1
5.621815131196009,23.298869739406406,42.52281854376939,1
7.950712433899104,16.9801956241998,3.757109039890738,1
6.7153192464040385,40.41462728204788,12.786680122241755,0
4.680122940073145,42.59155160302647,76.55467505158609,1
4.961967584194622,29.234895992732806,0.0011634755366141114,1
2.9949412707243823,9.089577078550901,41.65658284822922,1
4.96297372801522,29.537555517475173,52.251018108558846,0
4.422682722159724,38.91804005402547,5.4634420000972295,0
5.645437120676179,20.210884312258713,97.30781629723329,1
3.345538112895354,36.83359919779156,22.612533124967193,0
6.038693028482345,34.846901508270044,30.419871963628086,1
8.065477826005155,40.792914996010886,30.39425122550273,1
4.782479703086285,36.19580368414153,23.04166621173499,0
5.8034234441978825,25.269310591184446,0.1473822086311416,1
6.380287983422225,46.965715016644914,72.93447940879963,1
4.197559056228328,33.4147042697303,96.68454997992853,0
5.448184963620833,34.72695460490068,22.429348328504506,1
5.02518480156359,25.66732040926804,66.30471918034225,1
5.195352197097663,30.567177488084898,74.18963269587151,1
3.4539804322890673,26.15197285973099,84.84253790905247,1
5.049020348517885,33.27053940076577,42.262919701360914,0
5.995996582490899,52.11708480142344,30.293090564042924,1
7.902287215590084,21.280988570686436,32.52951340230311,0
6.918541652170414,18.86438602123259,71.26213330985128,1
9.306364915023114,49.711703274936085,81.6779466505636,1
3.465304874223901,32.90676322848134,18.161396775660265,0
6.744641273441356,28.309272613400836,37.09410081577652,0
5.366684011476703,45.39904687396076,90.19401967491501,1
9.379605866435345,28.94384460263136,80.66935196947392,1
3.383403429289697,53.260097135469366,98.48584027624759,0
3.3205563156384477,41.77925871339269,75.42482596820807,1
3.8012147091119557,30.120885918542974,39.319520102792225,1
0.7522085513803862,56.57308213265503,59.06378339946377,0
3.948489956638478,28.942850769966615,66.10142542473203,1
3.481734676892604,42.42095372009307,7.845581631712395,0
5.300787572952415,37.99292580406492,54.44969591038651,1
5.683511951554319,48.01741289398798,70.93208284726096,1
8.752341678431772,50.615111967268525,16.732130400106037,1
6.9008476763721,35.320041490657665,78.06317174255571,1
3.8461926886751936,27.465821296538167,58.37727805141116,1
3.203170657303284,39.59972142939117,95.22217856975946,1
5.983838343013011,28.22284630247894,4.24222982068917,1
2.3595335859587157,55.13387247526623,26.5326137555467,0
8.662917531708707,36.36535331082737,60.15538792998241,1
7.358880241442574,31.346784486878914,29.65599122059307,1
4.06164869579059,36.84680305864909,71.44241640712423,1
1.5737309418182441,21.528737104703033,75.9005282521931,1
7.707744748330827,25.283859614893483,10.251596406647446,1
4.770920309494764,47.00413907944425,51.38544642067677,0
7.4756326239469235,28.431057210286042,50.889055559105586,1
1.8111446824112658,24.530890173180605,36.92807702155411,0
3.8012499540924543,40.366527525272865,93.29248625696721,1
5.010487399436366,46.85704154662997,82.75063198732212,1
5.093961187529484,42.189533106650664,69.72093819096368,0
4.099869057041513,44.960476858058165,71.43266357349975,1
6.2456998646949975,27.432049114305393,46.17161438131191,1
2.8647591412348112,20.78189333258156,92.09945210965759,1
4.715241029957413,50.01333651955487,69.45954272532853,1
5.240591263423798,31.773201611578642,72.89810616558164,0
6.028877668117498,32.49166983544953,86.16909037873452,1
6.423229756177779,48.28194141849058,27.4071589342191,0
2.750715816324262,40.5623000940066,80.7070903866703,0
1.9317716585287554,39.55887772081608,19.524060295649203,0
7.555353643797018,56.65002344901084,34.53419522448878,0
5.6646280239591835,28.56481769619857,33.56104542698427,1
3.5030269268868928,44.278401280812375,97.85254683891405,0
8.102303951045046,35.570131248970846,85.65372237479268,1
5.231349268585717,37.685922788632574,70.11698615902597,0
7.358594368127653,50.28468426412532,72.70567616153902,1
5.135036962820218,40.07835756289624,56.20727944025711,1
9.121495849763974,40.38296079049633,94.70906671085191,1
8.510681684886409,45.72507337309802,49.62587528823615,1
4.502071703041853,31.350472704571146,38.05177098698945,0
6.943141901908711,26.607903326609936,16.3035336931591,1
6.290751899170295,24.551908059789664,78.6205652261058,1
7.737263115064698,15.336434106239983,73.44439320755914,1
3.070153078839791,55.56207129940322,38.43550385241349,0
6.372102919996879,23.96791634278317,2.519341395922936,0
7.116848973699176,32.78746376414228,83.89973277180107,1
1.4825210271537714,32.23186700111079,1.1417983454073632,0
2.63348297466845,38.074066978091004,70.3699779629051,0
0.9215356444797989,43.15737212539297,97.02571097260571,0
4.461186331110885,43.60473488359745,43.766132814820345,1
6.435084511591924,29.169225614310616,23.497340499595275,0
8.004714104192056,33.32878286213589,70.48710100433817,1
5.14818956083955,37.825799504882994,81.71281420155852,1
8.257231091142584,32.51308873816453,54.64303160778473,1
2.2397970835702172,51.07345576019993,96.70352752561462,1
1.5932351212896907,39.90974951638251,5.166872165796111,0
4.888904602206763,42.348777860498174,50.479559830452814,0
5.768130897878614,41.628812686674124,71.845394732255,1
4.934610503811814,46.73473857485325,86.2640471149179,0
0.8651157999202468,36.81021558703707,17.925561190779003,0
4.821759920974423,22.031680520441533,80.00034817636814,1
2.3910609989902936,38.996879517526416,55.27070757185453,1
6.339345097660077,28.48643106208171,39.65536819899632,1
5.733196492193697,29.71383318250243,13.171502857909356,1
3.1202404273452897,40.863640187550935,86.52957589089124,1
3.972266165326613,47.38283071433636,15.727320817971535,0
2.881572956222097,35.21271576736061,30.978785920909925,0
4.874641805453656,38.088330125989636,29.004553196243688,0
6.910284641002477,52.02214944635238,87.14140341908544,1
3.0285479073289125,37.407531794885685,67.2702994208898,1
6.008093031035688,61.01683114180395,79.66813971913723,1
3.9394847632551184,40.65509645631544,25.046789879249896,0
3.4142543354753117,17.392372408441823,62.48740996069989,1
4.785939280090885,42.53341621104533,57.17459831437487,0
2.929515355161252,38.81158384882778,83.28303767882711,1
3.892701389305636,47.89752754082746,90.60870604812605,0
2.604244214822303,41.73181351269959,1.2156771477386807,0
8.929450265832779,33.615440160162265,67.40199190587927,1
5.070527103943458,22.757017637106344,5.1835799119729025,1
3.6005489840148295,32.90976742713975,54.88586650773559,1
5.427959821468444,26.494795457907003,28.76327290436782,1
4.775343900618341,29.194765501952773,30.67765995221412,0
4.558060800933555,40.8857840442061,35.29585034523566,0
6.22833340008685,51.69904504351406,62.12924490496101,1
6.51501542009461,38.94671529822981,33.40499656687692,1
3.938997704778945,23.041169379648156,73.26990505902803,0
3.8483635187106398,39.446026682201406,40.45273855738697,1
4.449896605696712,46.966314866456514,6.835320030995861,0
0.39615767052883033,28.902170956806177,78.37598424841073,0
1.969617875602896,33.65982833327082,28.5758324592706,0
7.733748534889049,35.14688194729197,43.276687959926264,1
8.289935427002568,27.1510168691776,68.54438832219016,1
4.501927920887243,41.48280433843859,33.2456157148712,1
6.153113926111533,33.79051851392219,5.658565614671563,1
5.622500309087072,39.195324439070276,37.39210470128136,0
11.157761616910475,26.125078221979,94.44485826943034,1
7.2391498228691535,30.625416996765896,64.17343972985582,1
4.744164817038467,42.22381357827771,67.1479148667207,0
3.0889191187991485,31.27166847908233,63.22821536376399,1
1.787107359484855,52.269638512334055,19.899213895943678,0
5.406927271734446,31.003638143853976,41.833386410228016,1
3.487298509431393,37.24684725751886,75.09397983633183,1
2.1554925808046517,44.325908318730896,10.137289755315916,1
3.7068542315149466,20.816342670669684,27.785277608971228,1
2.8369039927712096,17.39191188019224,27.631910846585363,0
8.37428327014513,19.743436854299052,43.2018927594506,0
6.763279513898901,47.62584103427182,98.0368740942185,1
4.9840547173667655,29.481418541075534,6.750254668382194,1
7.959888277780053,60.581992856682525,51.870099438059505,0
5.154736615295237,29.357524013426115,17.936468201221047,0
3.2774315973434724,36.84551303197037,97.06765454097442,1
8.046248154539315,50.421099525678756,11.33035047274642,0
6.077820087369317,55.06092888159123,40.36010023615913,0
2.925507691347087,55.61503576636398,73.78849848346061,0
4.619322643832784,47.083662305931426,70.45544280274453,0
3.248763493230485,45.240625258114626,42.272863689393226,0
2.2344005380713274,40.92526949201183,34.652416795271826,0
6.852355095063283,42.78361076166638,39.76123785528706,0
8.818833280940261,29.488142836714665,26.42762631586393,1
2.2028648523617176,26.818011165776927,20.53329387067998,1
6.125938473381142,34.96625542589048,48.303969755889,1
3.6987148617563457,33.298153774750716,26.853375606760732,1
4.0257492324706075,30.46771950672725,28.746166489725013,1
3.8152121515222617,41.963874474567156,65.67560634745571,1
3.2720184606403677,44.55305208570511,96.85373316998923,1
5.097043255889654,35.884068862918475,60.363720055937506,0
3.3380997671779244,49.775300810552615,7.697946706496628,0
5.540913651559678,23.58310885866495,7.558361385406698,0
4.899523781101726,33.06340540720282,95.1423220845566,0
4.522103906267181,27.83177679397195,29.729079030733363,1
3.1848726759168042,16.3346338292694,9.206698608247542,1
3.8464573388633347,34.17319314157301,59.90445871503815,0
6.510782451651512,33.78252491616716,62.36487782902661,1
6.0018343752487615,50.13449743242131,64.85048201186882,1
3.044889510402898,41.30811684554777,26.74020278575413,0
5.198664610858452,24.75813175670795,1.5110684214475034,1
6.502774246743578,53.54092566334188,96.50153694544719,0
1.6611894377572565,47.21033695525353,25.089304569110247,0
6.08672038475987,40.82097703468616,67.60262880525475,0
3.674752482108307,32.73515901150168,70.66298698787095,1
6.141197337186319,25.405607632765204,61.00074170794857,1
3.4734816869149663,31.27793223928947,31.290739421364822,0
1.390235798670962,45.88748619704186,27.109625376406576,0
1.7449151242336747,53.84586305934609,59.76682827027031,0
5.096169893322764,50.43243528272189,86.60956336116915,0
5.519445003442963,30.111505782137257,94.67337289233956,1
3.191366749791183,23.803825667109887,10.590580440375764,0
6.277184917554748,36.40886246911204,15.482861259771985,1
1.6769598754620803,17.315606344371485,94.47362587830797,1
4.867840402705367,38.23167714184781,73.65352283347926,1
2.577967600475087,33.52397413701331,88.29938248297731,1
3.696327784395682,30.339634981317577,20.263263413534315,0
5.094797342632828,19.052969327332047,58.758587110940184,1
3.2791732694320954,40.136001065697165,70.11395944174737,0
4.230888911540349,29.672991603380886,68.01118854469726,1
7.012585618428881,23.30083164289712,40.81516908666981,1
3.8462162609537023,6.277377867183507,1.5394891691308477,1
6.671384224130284,34.724850949493636,58.29260568042631,0
2.740586290684764,52.72251596669744,25.310153917960875,0
6.059608355830566,51.6125921454787,45.02542461428904,1
7.883137241315801,30.429037434137282,95.75810150838173,1
0.056710999745421375,28.977879396382196,39.903531764243475,0
3.406209489059046,39.68774256075024,83.98016066644267,0
6.15414425436108,25.016145608117085,18.854060574925114,1
4.593909227914015,38.01791899819466,67.24604980250288,1
5.742291746742618,42.660802783846904,97.70069544389435,1
3.792029626568359,47.26933223884308,10.189310087293679,0
5.1731795749458,33.99845923520047,0.8319942227192012,0
4.688645529215841,32.96326249823034,43.35827926326144,1
7.335564123319615,26.22017413243439,9.26254830513672,1
5.508841686602426,26.7311964596014,74.83843496762313,1
5.675205324150404,32.73521108098473,91.45486638485589,1
4.1762460677550655,38.67365506816178,43.402097270875885,0
4.024787551855013,44.13584626233249,25.871164215544095,0
4.134883624360758,26.96821049319655,43.44033190066098,0
5.788904284756594,49.92688568959522,72.3447817850001,0
4.158031038359474,32.28876398957431,0.9054161580370979,0
5.579549713792826,34.78632705651564,58.945398948469716,0
9.150801597290876,27.527883208521764,61.329168488737906,1
6.742249406863385,10.757597397270583,63.76882468959355,1
4.347952935664318,43.8404539636105,24.202207998087722,0
7.40242784432789,42.36843897092433,71.40527233781268,1
4.183849253956897,32.18672442881787,9.13914863317764,0
0.9237509296442923,35.66990717224872,19.92703364668008,0
2.983827378165192,40.15939217704099,87.74700466544819,1
1.2584161579482886,19.374541431134574,73.87231507265663,0
4.296973031917383,29.709473226537053,1.3745554011345251,0
5.036836758379104,42.94264679621827,24.83762603698002,0
8.352874624550566,22.457105768307507,21.440648299316457,1
5.653854747528325,37.935579321666296,27.080632803697256,0
4.561798942382271,21.43418195376595,24.755977027988642,1
6.658811162366979,39.66429982433527,6.252629574284574,1
0.5777293819842297,34.643585177025166,45.894051659682034,1
5.471229116217132,18.848681840944906,73.27334747861651,1
6.541730387773933,46.64739354457171,60.67317247174364,0
2.042827508440317,27.65408423201951,67.28716685980798,0
7.287508086413858,26.897475629856192,8.114917853623915,0
5.676992814988829,37.00569197230943,95.14907101767872,1
4.169424172198397,46.48637349428715,83.84918338430248,0
6.26556373221257,24.84178181021603,80.50903184956627,1
9.541385715608792,35.61679849847972,82.29838050417675,1
5.36373251011699,39.28816500330573,93.27105081327613,1
5.496441172600672,41.93105607263144,54.42539661136977,0
4.081278200919511,36.76441555277225,20.02820178676259,0
3.3003112610704166,31.32972160916678,61.678360785254114,1
6.660671633088491,26.724097793512804,74.2881493667939,1
3.2878323481822656,35.86143883046375,73.79173933540254,1
5.143132474438785,24.278609880143932,52.14490241668801,1
4.044685106469767,5.7864951650539265,6.845871933357806,1
5.957959651492784,39.365598041576675,37.11129384301278,1
5.667324210573897,44.039348410861955,92.07666084633573,1
7.075079888515798,11.370675644581617,58.4448909757426,1
3.9799672022905055,24.902692952900626,53.83319432557134,0
4.460250129413257,41.191542610051975,26.885351438219352,1
3.042472568435385,55.574954697116986,36.84489199165789,0
4.111413479847777,35.20793707675408,89.53460891531692,1
5.754600986089704,27.71997058770866,66.64630475268358,1
6.513977233290704,33.1710355889516,78.73870267523328,1
3.1556693516447494,48.74876419148185,45.434542306765515,0
6.73921184021132,28.540358208754647,63.024721945615795,1
7.711275717609902,27.008079933497463,24.838360874320752,1
5.826869806447402,30.172564778179677,70.54608302834863,1
8.753591625116131,25.466713917412875,42.76013337033373,1
3.452421601792854,36.22670315994795,44.25455148147456,0
2.510690593377166,51.246784584695604,64.93223245768817,0
1.4425595021914428,38.23079273116029,93.62806214689266,0
7.9920886229783665,32.47646497873713,6.400634660862092,0
6.308731312708115,32.08188731084456,82.47432373470076,0
4.8888306581790895,19.368091913033428,29.238311041219312,1
5.5599372526396404,43.83109777147159,44.391945450637785,0
2.749021905403247,34.22162802987198,2.1913328775008956,0
9.891503959233653,33.19520086409374,30.1046077834313,1
5.258442363950455,66.93107567844861,50.26312426301305,0
5.218789589209786,37.98752908365686,5.617607734743901,0
6.451533247797385,27.482089499048158,49.10957293831652,1
5.962018463473426,30.736424037944566,92.71106288584274,1
5.447768048558263,46.48445709196755,10.539321810780521,0
3.4190510891093764,36.13270410537764,76.44407280755044,1
5.942936714271991,20.617220216826333,40.967105337599264,1
8.764048992950068,44.19228934575204,65.5173714524338,1
7.690840092309955,28.31855914461006,26.023659798522935,0
8.186373253278795,53.73297776217546,15.949226254135828,0
3.9775686471376295,45.80048065714649,16.046261427122644,0
3.020790359482838,30.526781043412488,7.049194564314465,1
4.748426159800704,47.81016361735113,18.564670490124303,1
5.111449824577389,35.678555105274036,66.42193849889682,1
7.188383036941897,43.5277367512222,88.16906118435081,1
1.6150707405703613,39.84732817294475,81.41256855911618,0
8.059100638921228,26.536433450091266,68.51343098744842,1
4.683984202842021,28.56450167682538,11.043186341110268,0
4.14623786010516,45.29960817581161,28.918744629594983,0
2.9757912494796646,31.652246678934592,30.980687532246897,1
1.6902866562684604,30.963515367580033,24.99569463976212,0
6.646341167923829,25.44877420650647,51.50056597097231,1
5.146635934376808,39.23599065593461,53.55538148796726,0
2.4200782005178922,55.62524919243145,35.68859751711102,0
2.409842455872768,24.32467085745727,35.3789158736436,1
4.328430601419743,35.24219456672758,82.85555979060814,1
8.338043050578786,49.12220555415429,78.92928483196856,1
4.48081729727279,34.203586087542845,30.779583168074566,1
1.9937140937637876,39.523717962497344,91.37884438732593,1
4.508513871828112,24.376064718531204,95.2815017002506,1
4.454552860504659,39.28307097207649,32.67425420300408,1
-0.3937732858831433,33.12855734995451,35.442494879305485,0
4.8914102669643755,44.85729995679863,50.56341534219588,0
4.538130939582644,46.87386051564751,94.11208125336735,1
6.3924127296268365,60.895636420186136,87.63194331423115,0
8.69791218989069,40.796331732135755,10.25679625835898,1
7.253130059095515,38.257963165821664,39.27307432714162,1
4.462222618890339,36.94384301577336,55.33711897497719,0
2.7869481825166598,31.468337071893117,50.313247255154,0
10.14671960649972,38.38483843461691,19.38630679368927,1
5.118436868028977,32.04598589860971,85.88167711681547,0
5.027858583825893,36.68460976269614,67.69407829968374,1
4.951749825779993,48.1759753560796,83.79083748518036,1
5.396169521535711,24.93457434720359,85.87642793494722,1
4.7112791761521144,46.39878561129046,74.83558536657398,1
3.8526759862395275,48.17115067339865,43.92106012497173,0
3.9062821175192157,33.81931473008921,61.054675501542455,1
4.934493459568003,13.781451009914054,16.036540611974313,1
3.91315045773247,28.921780129055676,67.36454174749078,1
3.5743084346456713,47.96994546561109,17.925325573928074,0
5.212860455383794,34.77131937701118,69.39495905101568,1
4.490045565158289,25.00697767705089,22.959816075396866,0
8.007985977165376,29.952250787717826,11.755130015021997,0
-0.301939616786024,43.40620026504553,16.52844901429574,0
7.1830137038449235,40.46733568201379,0.1992135219070268,0
7.492170384995259,32.61067900830305,71.87396178535302,1
0.8532195351837011,31.331755881853123,73.24010490583791,0
4.314624811839303,31.08241850956178,51.493334991325945,1
4.257118268008417,25.775898155014975,16.13628010553837,0
2.1849766105643575,51.15375689469442,8.355433751068976,0
3.444366624818249,31.7767953078866,1.912896643728701,1
2.7788483090683425,47.17158520825497,16.57481769652207,0
8.504540886847245,50.213160519224516,89.08555349831467,1
6.871356786294922,44.9831089814796,24.153684170168177,0
7.543110189988317,30.683796872819517,35.42713272172156,1
6.44334412808647,39.037300903366095,10.534548448133318,0
2.741896457565542,34.758043936090836,22.236130474817028,0
3.9509594674404527,25.96298139269872,51.922457078020514,1
5.978749122455836,38.24359281721603,60.775268309565256,1
2.5557443822161092,23.209602088401976,24.535231416621105,0
6.425996860344776,46.87679388461564,5.773215922511721,1
4.51934920368373,30.35382702701607,39.10328691273987,1
4.250358384900806,37.01159655872839,23.420337092633414,0
6.421919936406983,37.83287871546142,21.955392322980195,1
5.88852662297208,32.410950262959226,95.98628027134552,1
4.278067668361841,40.86693801475275,61.63004859257241,1
7.318659606728496,30.250963433774757,55.68784431720959,1
2.8378733448002054,43.712972974572445,41.57751035233219,0
6.231871213888527,21.540203197532513,42.89443334301443,1
6.186202515936768,36.26379579546412,54.090500383808084,0
4.38090712137202,54.389289990582846,69.64298070361072,0
5.652266044484236,24.996686753944253,70.21460961818295,1
2.4977728472293936,28.222550294751485,17.169390770544958,1
6.848054038413802,40.13907849658915,50.0112752076627,1
4.630195727114022,36.79581781939598,41.195809503410196,0
3.954553958961921,38.50630099273559,87.05269662693841,1
7.098018451673779,39.891871301476634,63.14189212183764,0
3.5913126189144817,41.3472146856177,53.25040664159818,0
2.1830774072728807,46.09699841956223,11.539464217891737,0
1.8867416529521925,39.098186569285126,60.56378893234115,0
6.21201990269128,32.58742345381457,11.720390568023342,1
2.439141295007434,41.72573701202731,33.720657556575205,0
8.50958836396873,53.998819348952146,14.284196481433186,0
0.8361411842325559,33.67366253617426,69.20736470243689,1
8.392912736580076,25.254706953293585,20.62521138361526,1
5.422034934405237,46.07080669286973,39.1859373188026,0
4.806573776259215,33.796188360464015,89.56747776187787,1
3.910161826382101,13.273304539859637,20.431638339897027,1
5.798272228704142,43.47421677150422,50.780506395877914,0
4.9247305951503035,29.646718140460774,41.9271661166022,1
7.206603764033044,34.094667176958396,1.8124041045729733,1
5.228455297324079,38.31980330569015,79.27581135728128,1
5.300603522923756,36.904996797790666,6.904590631459973,0
4.272775575572288,42.0945181713904,47.42550209769536,0
4.886108752557865,30.645136294301565,56.06782949389499,1
5.615603537784119,40.131057981760826,62.842645661458704,0
1.5796632146867493,32.40453322416083,68.86316293078755,1
2.303629155788574,42.38810480887503,25.327238352271507,0
6.48652818804543,41.153674840130535,0.9978776658449373,1
5.341730876255884,25.64561297955405,72.3443662354912,1
4.632033327294642,45.85982116175032,53.56565993475786,0
5.036867866130787,29.64036554885952,83.61177032072487,1
5.695163410723342,43.08057798281145,82.13883629006943,1
3.920480639381277,38.67287313401341,84.33261677878832,1
3.4433905491953745,53.38183676795122,48.50946599795402,0
5.391690510195363,32.76534017628148,33.362839583686565,1
3.0432544447699357,31.506832038818025,79.155820259137,1
5.816505511428944,34.805803941122676,45.12941130292549,1
1.5948327915243192,31.96820217165725,18.34421964034345,0
7.058311274651287,42.9994190194205,85.49740195614743,1
5.9451949648260864,18.83689391563412,88.25598767723473,1
5.5120594686277515,24.463175808536455,46.63097561401701,1
6.965381967891028,24.32197078420807,7.569972730978747,1
8.330948888925153,44.50307591973576,38.782608991693124,0
7.028740130036261,52.106133725819255,80.35376594626034,1
1.3182515373367094,33.955507814625285,90.17740285462287,0
2.440846066528597,33.311782768099896,20.347274249759582,0
3.7503628446086426,35.700521631131814,6.697361202527152,0
5.052182100421668,46.6187830260819,87.73504531328386,1
6.035318040938246,25.72646865809426,38.94049389788753,1
3.548512373693069,37.38368982734785,54.176096426756324,1
5.373533528954157,44.75197629782429,96.80658120507589,1
3.489234135293355,40.01094169939845,6.656472791422285,0
3.7769643940161037,36.89581616598743,64.83180074520956,1
2.1866778063035555,45.01046092567141,7.410542257486707,0
3.1535335077781914,7.967677070007628,37.54689284665004,1
2.2966307887673327,41.77875319530908,80.38145451934467,0
3.0482534940453343,28.459243168725763,43.34722327556344,0
7.107283593215679,16.693671031435432,99.71823539029504,1
3.1012022223361138,40.11202599524981,55.905928494660216,1
10.26476412967478,48.73658545162958,32.11621526359535,1
5.9866358017617785,33.62551485372308,22.011132590475313,0
5.369672247389747,44.528745472029385,35.05205342861618,0
3.2832844396375735,51.122782579886454,37.25332737595508,0
6.4006197588179825,48.14914453584047,6.8713677723960975,0
3.848724347524452,51.39964529371393,36.95741994267732,0
5.244019629290723,42.42127491071892,46.423851973922496,1
10.12016907653759,35.754336389015926,72.27377522388046,1
4.8078802005507,18.980341881028316,65.6729484721608,0
7.298546652571352,32.53937511870051,70.87656552291543,1
3.593647149748225,26.567534046838087,0.8363681876857099,1
4.930023019006077,56.70942717497814,21.766739958053606,1
8.54160127127102,33.24114187567663,66.16842883998565,1
3.746065884424465,36.23204806784486,48.398936817974715,1
8.624897115993857,40.51485376040468,0.5313475668345946,1
6.415503870910951,35.436024463724536,80.44946424318223,1
3.8750664482114647,51.95051040430753,77.28095732903374,0
6.264815478111042,28.77350638265548,54.841916299356264,1
6.9451088992534595,36.94607455237243,6.646332577627212,1
6.243619924434393,27.57529414301952,76.65150495325847,1
1.8595505602190872,21.799774887792942,58.37135877313639,1
3.545725648350263,28.882309090947146,78.19599771579591,0
4.504962728896991,34.62963202951588,75.17469923958404,0
4.851133141799908,30.7069777548274,80.30020719578371,1
6.241344195101356,28.07579020126144,51.80080664046248,0
5.355402001866508,20.936825363281663,14.032451819351499,1
2.3293112825797975,34.16894427371305,67.11574733796887,1
5.760395702011927,19.95279625968998,62.04737850519706,1
6.221171490567646,42.60055963689602,74.22531871990871,1
6.11958089586208,35.824397529345035,16.98810060507353,0
7.161561451109243,20.424485005350693,19.497519990028923,1
6.667844309097808,31.907909229501364,89.04095172193284,1
5.918360158456873,27.47843594409417,74.99777984520708,1
4.859668577082706,38.1917451041918,90.82284887003229,1
1.678078132968018,48.40450446023144,75.87153211639207,1
5.859236438265172,16.248275303542556,59.71553059903019,1
5.4153753743262225,36.150260791474174,65.41327370278736,1
5.543157674390747,33.398672044333594,88.91279239400099,1
2.4465028483593807,41.713400764504655,57.88067545119405,0
2.8378869191834752,37.131966282376894,63.239132432838744,1
7.1063057066658075,27.480306682611808,15.647671600360058,0
4.92088969228669,31.809460643333818,47.39212201161027,1
6.363001394745249,27.03974143196511,71.6397111958099,1
5.056636752260919,45.76007138598598,27.09426983163654,1
5.059512278991487,35.21311648671942,20.22541805245349,0
6.876567611951995,54.01190685753007,31.382680822441557,1
3.967910543565252,34.39339186185379,24.150062799283344,0
5.192241553881967,27.915932330895373,21.491263703639586,0
4.075449422589914,19.86285607387173,42.48508428680869,1
4.131007545135369,16.96860323744055,90.78385138835341,1
4.381655753062721,19.158640569945103,50.705964673871826,0
5.444267543267426,37.67126651011483,18.792038081532304,0
4.042502756673046,40.08725023229934,7.697166938087408,0
7.511512251147042,19.188092979678665,69.61561451379252,1
3.2107853955609924,43.950383140761154,38.279876443638784,0
4.626256711677282,30.169389483165606,82.18309465853592,1
4.12053788345165,36.467930119855495,65.95107686407702,1
7.893955768707466,51.122206282554245,79.62414505413685,1
5.393109553023149,43.96839315865532,27.194603941844875,0
7.063689078937269,32.314693520941674,69.2358922461058,1
2.028879253926056,26.088077745847126,26.406198469371876,0
5.534100531738518,13.48184598670695,93.90684794502916,1
6.779261591246874,27.808466807575797,63.63742815333744,1
5.164567978550848,32.88869761172305,32.451180017534206,1
7.130960750130702,25.128204728488164,26.951186229227265,1
3.9654230997992554,33.68743032907695,19.09265850716435,0
7.81869488037116,35.768518829587684,69.46409588937279,1
9.5977962472385,32.751440181919214,21.87156129979273,1
4.274322879120682,28.499974191765403,59.53032659274891,1
4.1089949571984565,36.68654671966728,26.463502692535734,0
7.906768954235401,39.41940649569409,66.19689447938686,1
8.159144291461425,24.09600922557154,81.49397285405392,1
3.9542799456934636,49.1093237974627,77.80252431446532,0
4.159626365808285,34.014118677157384,76.08513309307817,1
4.436430782278985,35.188496229448475,18.772240569225207,1
2.311098977931446,42.082144232565575,8.838494698451871,0
3.1626961070316035,37.332161312635016,69.89488284873856,0
2.9917184664958643,44.531366339132454,36.83472137943513,0
3.464404869791743,37.87124165201824,43.23462264033473,0
4.930630225226437,28.87562625359562,3.1149092793391064,0
5.46842946507304,38.61503525206102,25.95764492750492,0
8.101000985628154,23.562737926793382,3.3676403874464023,0
3.003291918522418,36.085597057765234,87.91857726012476,1
6.968644796953168,34.66770009355539,24.339668321853047,0
4.572022311548982,32.918831427274604,55.73371695730081,1
4.901072580695134,33.71462488561069,3.897932066113041,0
6.3496389843332075,16.18150954502361,66.6847391305658,1
2.7545559568754028,29.512750922590385,32.30273457540939,0
5.764819492368101,35.928449011411146,89.79191869576658,1
5.332904416426112,36.598563919974005,88.81181889340358,1
5.984902528016297,24.72324859074042,32.529061836174776,1
5.5783372878156365,47.657078408647,90.09608956904678,0
9.91060027982179,26.338251517854992,99.61576734987788,1
3.7245200314973683,44.69457200526737,82.5415664123948,0
3.9380060899963647,39.27194361871685,84.4871347755229,1
3.753718947150471,28.53772690156197,24.90087361090899,0
3.8890457616794905,52.753108926095116,57.67023988577563,0
3.7252257453869646,23.0636316824352,6.725591396736785,0
7.378033062215104,44.191541736100014,9.491793682166971,0
7.841008495979709,45.005823180429786,99.88926120332906,1
3.8585074125010475,28.29379790923355,32.663924942591095,1
3.3352888537915426,48.92465300064329,74.81839120488463,1
5.942831112772808,32.49953485401047,80.66650530268164,1
3.895553911438057,37.88693629279857,85.80232710072292,0
6.265863635511022,37.603218387712204,99.76282974021565,1
5.405846041702599,33.65691258529452,24.149648525686786,1
1.9685117700055361,43.10808273159782,4.035082685969971,0
8.095010402660122,42.93488720552213,41.1191517994586,1
8.591755346191043,17.514680267618193,13.008066982894695,1
3.774422619031228,48.043402428781526,2.2425889162055124,0
4.224596880128032,18.375080119643258,36.04268271414861,1
5.57173078144981,45.32546204341657,78.37382510752364,1
5.66891357997405,46.26705136827583,56.61806912250709,0
6.317088545345661,24.09033569784802,31.277798921035405,1
9.0204090775327,30.89185712045415,65.43420054927196,1
4.646105545011901,23.94295331514064,23.20181803088107,1
3.4034055109230925,32.850789697112646,1.4381446072085025,0
2.2413615439709456,31.919657158142588,76.43533864364274,1
3.538139920116162,42.796605322693395,62.374308486400906,1
4.933746054252405,48.10308746119609,76.23026245009599,1
8.589115727035576,48.956838107899564,3.893801668766561,1
3.964777401927657,29.37831973421698,83.71196278306522,1
5.447575903277797,32.90778126255472,61.95262000363033,1
4.967154207854496,18.165618077790498,56.33953507126401,1
7.376786546896168,26.941299335038114,62.46140481145316,1
10.053864851747242,44.64851633097457,86.4433246868364,1
3.938262454159359,51.15582823548232,58.69365065589071,0
4.021121114963556,22.65651128120078,58.095037988817936,1
7.0883217541381445,29.075357408471056,99.06791570657658,1
6.363782979252623,34.73594243041073,75.6730167068568,1
8.693414651472068,37.80161158819606,44.22938054511353,0
6.167856370651927,26.903964800783537,70.73970000329277,1
4.281415818425881,39.2406104446409,38.92304716917885,0
6.181309661384619,30.261606529290837,22.8875462483499,1
7.2174071611658155,34.855477291217206,59.68518768877594,1
6.640964362394729,40.462842480037,92.81820981139515,0
6.014548062214596,35.064222698109376,92.91395200154628,1
7.133349379178307,30.636141094734313,34.19052781054903,0
7.3385911808913455,33.90390196074169,52.7677466221695,1
7.764317982075054,34.11637040794665,21.16358985698612,1
6.297419775179286,31.29988970117872,99.56311094988834,1
4.665763839366291,32.41203937332897,98.11179078679358,1
5.293427372866645,50.98647170504717,64.95089297074473,1
7.413017933016714,40.60919447941239,80.44140596774734,1
3.366128658025528,32.045196819708394,71.51001612837,0
5.737346617745803,41.969544045107355,59.31582190394682,1
4.213322375345278,31.6618051024399,5.3347996988897695,1
5.057489645869635,46.73124637586641,45.476434255266106,0
7.556903725214598,38.69642192198094,67.47863021674105,1
5.382198136039807,33.92697855995771,67.75316138836847,0
5.092873096312298,39.477169258102776,37.31226184223836,1
2.2802877180401615,19.291238479315005,94.16919866580305,1
6.492507132054442,23.73232531090195,16.7357032236781,1
6.29096836228215,23.060749936009447,50.03594462155606,1
9.32650944661092,36.429430947637066,69.08839765508228,1
4.384443530093999,52.32514999485092,69.71358058918092,0
5.438300655327877,57.31300146192632,64.86389567688155,0
5.498767367421511,41.380511014407574,27.528821345186017,0
8.15490655952695,40.00844474944457,15.620656868662197,1
4.809408935226096,16.98942265847261,63.594032682671084,0
5.558043051540679,29.57326200265978,59.930211613943776,1
6.215793019433079,27.12216248091761,17.935601028924097,1
5.3732182463127165,28.79152401748884,70.51391455705634,1
4.107132770898944,33.318561814152105,45.51719917336564,1
5.388179985796615,30.27909422302873,66.7760591603153,1
7.1472634997195446,15.207001896242122,83.73670797701507,1
2.9469694011778795,42.47910256117534,16.972842857692317,0
5.265939348293752,24.272569742601934,1.9144867996836679,0
3.599758370121654,37.39246864111149,77.91025863957867,0
7.390093257849685,55.740826697499735,60.96974251526159,0
1.9536261904324506,25.806154084135766,69.96395696221217,1
3.8821563054568236,9.697124772536704,83.81549749886426,1
5.754423750129042,32.139957781198895,80.28109348245005,1
8.13104805846868,46.00959634998571,96.09201469288247,1
4.868499477854025,54.58347454220594,53.59350788521182,0
3.8896009466136032,22.70450405547583,48.84956326599054,1
8.76231413888118,39.966992232365214,40.18871998907301,1
2.103972199167512,30.346895432199467,15.369104284420454,0
0.6023880867598361,33.94051645695864,57.26072328820224,0
5.880028900106665,61.44343347017035,27.70125243259788,0
3.9958915512947777,19.970296716048466,92.13075122129754,1
2.9575343657385735,37.537396614945735,58.31908042770976,0
6.416712894598707,39.676931717654334,59.284018050811014,0
5.487601427542398,45.857863249393475,35.492466087701004,0
3.871842738526543,35.97983153470896,5.198935197770749,0
2.439391202658211,38.08050539504102,3.174376537298862,0
6.744914656560289,31.08351432578209,42.33351441531975,1
6.300402355917322,37.69126941245107,8.456537809723786,0
4.801648272441234,31.568077245025894,60.68469555401391,1
8.693273992095332,41.21571889856051,88.09730056396575,1
2.859830467347695,31.30389663956366,88.29148165187222,0
1.9489496581505223,38.77100393902187,65.90454101322324,1
3.616183860237511,34.707371863150215,21.1231831472931,0
4.908827967289004,46.26050250772168,86.29968313588721,1
5.486678898645383,34.48606276411514,88.60934353132082,1
4.5175278842873405,17.269675317931185,19.66535849529587,1
5.704110793028594,47.619215007139914,73.74260857706773,1
2.4969211516191114,25.942676991373812,28.651954892712293,0
7.887529208146519,28.462336613511802,80.26403123529296,1
4.835697643214862,29.043387059565077,99.72378999036027,1
7.234591663176255,48.74438093170817,3.0026005329392813,0
5.685450692755408,13.64325786021304,89.73658657909318,1
5.913506438307568,66.37748533659995,62.26305335986581,0
6.139534560464408,45.56056809066052,97.33826191648211,1
5.8954171200346295,37.2323891412916,46.50095175264276,1
6.285445519735088,34.451059993837134,84.73879305713737,1
7.658305060264863,37.85554074857657,6.239406859827723,0
5.39304233940294,40.211224283793385,33.527905007829574,0
6.418007515177025,41.45215585950057,6.701653775120997,0
4.820528611425546,40.55604466003449,97.53431334790706,1
7.880234430898946,35.895806812552486,81.69739072718367,1
3.6472153958814606,33.02661579692674,85.25474212459704,1
8.60188086582163,33.487267163464885,93.79652314338942,1
4.919684098711313,33.05091719647319,8.510348611978536,0
2.1384497957639037,46.337700968670646,38.55975925133334,0
5.2562088298215786,40.93556722280862,7.103488904400212,0
3.6378966850502383,5.596113653357198,21.07931015500286,1
6.681287097977449,41.55900776529761,22.936577703767234,1
3.6947520413952177,36.94736194718775,46.91072110475787,0
4.107633133570441,34.81291243554102,26.856216745364257,1
1.220918538108938,31.114815469111143,10.09781068177611,0
4.095387361501847,46.24112719986014,16.749108909410772,0
0.15224134674208667,44.475264621228575,14.727556355209092,0
1.8321943530285534,27.27122332176391,97.30767979122983,1
6.520829312288595,39.07052287124535,75.92925069184736,0
6.571600317301664,25.28343265458714,96.7761465269562,1
5.85091512356993,21.203818352110698,43.974048650790856,1
3.066047713741574,28.73282775410035,27.83684816626566,0
4.90457728771604,43.62393472382759,79.82931972091866,1
4.992794921818863,44.53125045376087,32.62539180411468,0
2.6832706216149154,40.13085420097293,29.93833737053483,0
8.006796603534301,42.25095786847997,23.25059922078312,1
6.7547245811513426,40.16178287114958,12.967897822423534,1
4.558071652340672,28.58518404777048,25.646306101676597,1
5.053771677989062,39.31922544673941,35.53197484738877,1
5.416765615895105,43.00409525227683,67.39942081457303,1
0.9165302631514187,42.542913298135744,6.256484221945158,0
4.5056452349588065,46.88913371474643,21.050693966534297,0
3.6360315040044027,42.083038472010635,80.90236402916764,0
2.996759980210169,38.51448207541583,14.692192358377076,0
4.43779941422809,45.701502383164275,34.26451465225215,0
8.595373053699046,34.7347874075094,86.46589218581401,1
6.28168572253402,26.18125348772282,15.492531114344265,0
3.8576420204344064,33.36933036056236,8.27368356181899,0
6.145165562712317,27.55097355193551,48.45379950800108,1
